mode,transform_seconds,summary_seconds,monthly_seconds,top_causes_seconds
naive,4.429831125002238,0.8033169169939356,1.0901400829970953,0.6662622919975547
