mode,rows,partitions,seconds
weak,200000,2,1.9455280419933842
weak,400000,4,2.5371290409966605
weak,800000,8,2.5355252089939313
