mode,rows,partitions,seconds
strong,300000,2,4.343234915999346
strong,300000,4,2.615965667006094
strong,300000,8,2.4394391660025576
