mode,transform_seconds,summary_seconds,quality_band_seconds,cache_materialize_seconds
old,1.164584250000189,0.21195391700894106,0.2914282080018893,
new,0.26724091698997654,0.08452075000968762,0.12227375000657048,0.2079929580067983
