mode,transform_seconds,cache_materialize_seconds,summary_seconds,quality_band_seconds
new,1.3776453340001353,0.288581666999562,0.12025541599996359,0.1670096249999915
