model,val_roc_auc,test_roc_auc,test_pr_auc,auc_ci_low,auc_ci_high,train_seconds,expected_profit_index,test_rows
logistic_regression,0.7076690214870014,0.6674403862595599,0.49522515272432766,0.6327244216593146,0.6995071408253752,3.185876166997332,-87550.0,2266
random_forest,0.7353484370687479,0.7204822681330006,0.62978034920742,0.698525152769986,0.7425376585229169,5.695457333000377,25330.0,2266
gbt,0.7619634856038853,0.7735343979480692,0.6121984635781066,0.7445569576410105,0.8008122341216508,25.051522041998396,21770.0,2266
