mode,rows,partitions,seconds
weak,60000,2,0.1594849169923691
weak,120000,4,0.15470483399985824
weak,240000,8,0.15721979200316127
