mode,rows,partitions,seconds
strong,100000,2,1.5120475000003353
strong,100000,4,0.2713661250018049
strong,100000,8,0.21695599998929538
