split,label,count,ratio
train,0,3693,0.34931895573212257
train,1,6879,0.6506810442678774
validation,0,791,0.34922737306843266
validation,1,1474,0.6507726269315673
test,0,792,0.34951456310679613
test,1,1474,0.6504854368932039
